{
  "project_info": {
    "project_number": "788791946517",
    "project_id": "wrestling-mobile-application",
    "storage_bucket": "wrestling-mobile-application.firebasestorage.app"
  },
  "client": [
    {
      "client_info": {
        "mobilesdk_app_id": "1:788791946517:android:1d30a5533b80ca7c440d1c",
        "android_client_info": {
          "package_name": "com.example.wrestling_app"
        }
      },
      "oauth_client": [],
      "api_key": [
        {
          "current_key": "AIzaSyCNDyPjDgi1uU-8fpykAD9Bvs30AIcAef4"
        }
      ],
      "services": {
        "appinvite_service": {
          "other_platform_oauth_client": []
        }
      }
    }
  ],
  "configuration_version": "1"
}